{"cameraMode":{"drawMode":0,"name":"Shaded","section":"Shading Mode"},"sceneLighting":false,"audioPlay":false,"sceneViewState":{"m_AlwaysRefresh":false,"showFog":true,"showSkybox":false,"showFlares":true,"showImageEffects":true,"showParticleSystems":true,"showVisualEffectGraphs":true,"m_FxEnabled":true},"in2DMode":false,"pivot":{"x":69.60552215576172,"y":9.648406028747559,"z":113.36186218261719},"rotation":{"x":0.5747604966163635,"y":-0.0012315745698288084,"z":0.0008646610658615828,"w":0.8183243870735169},"size":7.582050800323486,"orthographic":false}